source,target,relation,source_name,target_name,source_file,evidence_text,block_id,triple_id,confidence,status,evidence_count
node_e0207f5f2687,node_cef7f9bd3673,包含,FPGA加MCU的实现方案,FPGA,inputs/triples_all_reviewed.json,"在教材描述中,FPGA加MCU的实现方案通常由FPGA等部分构成。",chunk_000284,triple_pred_000088,0.9581,normal,1
node_e0207f5f2687,node_98bb0d0622de,包含,FPGA加MCU的实现方案,MCU,inputs/triples_all_reviewed.json,"从智能网联汽车系统结构组成来看,FPGA加MCU的实现方案包含MCU。",chunk_000284,triple_pred_000090,0.9646,normal,1
node_721a377e0c90,node_cef7f9bd3673,包含,FPGA加接口芯片的实现方法,FPGA,inputs/triples_all_reviewed.json,"从功能结构角度来看,FPGA加接口芯片的实现方法一般包括FPGA。",chunk_000284,triple_pred_000094,0.9667,normal,1
node_90a8a79f016b,node_1776fa32f23e,包含,KITTI数据集,GPS,inputs/triples_all_reviewed.json,"从智能网联汽车系统结构组成来看,KITTI数据集包含GPS。",chunk_000285,triple_pred_000104,0.9808,normal,1
node_90a8a79f016b,node_e0ff3f9ec6dc,包含,KITTI数据集,IMU定位系统,inputs/triples_all_reviewed.json,"从功能结构角度来看,KITTI数据集一般包括IMU定位系统。",chunk_000285,triple_pred_000106,0.9807,normal,1
node_90a8a79f016b,node_71012bd83972,包含,KITTI数据集,三维物体检测数据集,inputs/triples_all_reviewed.json,"在教材描述中,KITTI数据集通常由三维物体检测数据集等部分构成。",chunk_000285,triple_pred_000106,0.9611,normal,1
node_90a8a79f016b,node_e6c35588257b,包含,KITTI数据集,彩色摄像头,inputs/triples_all_reviewed.json,"在教材描述中,KITTI数据集通常由彩色摄像头等部分构成。",chunk_000285,triple_pred_000110,0.9768,normal,1
node_90a8a79f016b,node_ab41bf10ba91,包含,KITTI数据集,激光雷达,inputs/triples_all_reviewed.json,"在教材描述中,KITTI数据集通常由激光雷达等部分构成。",chunk_000285,triple_pred_000112,0.9769,normal,1
node_90a8a79f016b,node_9e86915dc5d5,包含,KITTI数据集,物体追踪数据集,inputs/triples_all_reviewed.json,"在教材描述中,KITTI数据集通常由物体追踪数据集等部分构成。",chunk_000286,triple_pred_000112,0.9634,normal,1
node_90a8a79f016b,node_d950408aa186,包含,KITTI数据集,立体视觉及光流数据集,inputs/triples_all_reviewed.json,"在教材描述中,KITTI数据集通常由立体视觉及光流数据集等部分构成。",chunk_000286,triple_pred_000114,0.9608,normal,1
node_90a8a79f016b,node_da9363ffca24,包含,KITTI数据集,视觉里程测量数据集,inputs/triples_all_reviewed.json,"在教材描述中,KITTI数据集通常由视觉里程测量数据集等部分构成。",chunk_000286,triple_pred_000116,0.9608,normal,1
node_90a8a79f016b,node_581da04caa59,包含,KITTI数据集,路面和车道检测数据集,inputs/triples_all_reviewed.json,"从智能网联汽车系统结构组成来看,KITTI数据集包含路面和车道检测数据集。",chunk_000286,triple_pred_000118,0.9642,normal,1
node_90a8a79f016b,node_588d0b8e846f,包含,KITTI数据集,黑白摄像头,inputs/triples_all_reviewed.json,"从智能网联汽车系统结构组成来看,KITTI数据集包含黑白摄像头。",chunk_000286,triple_pred_000122,0.9791,normal,1
node_c315c8cbcb28,node_98bb0d0622de,包含,MCU加接口芯片的实现方法,MCU,inputs/triples_all_reviewed.json,"在教材描述中,MCU加接口芯片的实现方法通常由MCU等部分构成。",chunk_000287,triple_pred_000129,0.961,normal,1
node_0f2525d91379,node_59c8a575d428,包含,MS-CNN,反卷积层,inputs/triples_all_reviewed.json,"从智能网联汽车系统结构组成来看,MS-CNN包含反卷积层。",chunk_000288,triple_pred_000133,0.9636,normal,1
node_0f2525d91379,node_42ecaa37b1f4,包含,MS-CNN,检测层,inputs/triples_all_reviewed.json,"从功能结构角度来看,MS-CNN一般包括检测层。",chunk_000288,triple_pred_000135,0.9626,normal,1
node_ed4e83b979d0,node_e8102f1c1d97,包含,云端平台,数据存储部分,inputs/triples_all_reviewed.json,云端平台包括数据存储部分、模拟系统、高清晰度地图部分和深度学习模型训练部分。,chunk_000001,triple_pred_000003,0.9389,normal,1
node_ed4e83b979d0,node_adc0c5eaeea8,包含,云端平台,模拟系统,inputs/triples_all_reviewed.json,云端平台包括数据存储部分、模拟系统、高清晰度地图部分和深度学习模型训练部分。,chunk_000001,triple_pred_000004,0.9214,normal,1
node_ed4e83b979d0,node_b364076daa4a,包含,云端平台,深度学习模型训练部分,inputs/triples_all_reviewed.json,云端平台包括数据存储部分、模拟系统、高清晰度地图部分和深度学习模型训练部分。,chunk_000001,triple_pred_000006,0.8345,normal,1
node_ed4e83b979d0,node_2c1c697b60f0,包含,云端平台,高清晰度地图部分,inputs/triples_all_reviewed.json,云端平台包括数据存储部分、模拟系统、高清晰度地图部分和深度学习模型训练部分。,chunk_000001,triple_pred_000005,0.9137,normal,1
node_272a7f9f40ee,node_e8102f1c1d97,包含,云端平台系统,数据存储部分,inputs/triples_all_reviewed.json,"从功能结构角度来看,云端平台系统一般包括数据存储部分。",chunk_000306,triple_pred_000338,0.962,normal,1
node_272a7f9f40ee,node_adc0c5eaeea8,包含,云端平台系统,模拟系统,inputs/triples_all_reviewed.json,"在教材描述中,云端平台系统通常由模拟系统等部分构成。",chunk_000306,triple_pred_000340,0.9608,normal,1
node_272a7f9f40ee,node_b364076daa4a,包含,云端平台系统,深度学习模型训练部分,inputs/triples_all_reviewed.json,"从功能结构角度来看,云端平台系统一般包括深度学习模型训练部分。",chunk_000307,triple_pred_000344,0.9637,normal,1
node_272a7f9f40ee,node_2c1c697b60f0,包含,云端平台系统,高清晰度地图部分,inputs/triples_all_reviewed.json,"从智能网联汽车系统结构组成来看,云端平台系统包含高清晰度地图部分。",chunk_000307,triple_pred_000342,0.9651,normal,1
node_b6f08c139c18,node_e0ff3f9ec6dc,包含,传感器平台,IMU定位系统,inputs/triples_all_reviewed.json,"在教材描述中,传感器平台通常由IMU定位系统等部分构成。",chunk_000311,triple_pred_000378,0.9648,normal,1
node_6f86771ef347,node_255a658244f3,包含,卷积神经网络,卷积,inputs/triples_all_reviewed.json,"从智能网联汽车系统结构组成来看,卷积神经网络包含卷积。",chunk_000293,triple_pred_000183,0.9811,normal,1
node_6f86771ef347,node_d897208b16d6,包含,卷积神经网络,最大值池化,inputs/triples_all_reviewed.json,"从功能结构角度来看,卷积神经网络一般包括最大值池化。",chunk_000293,triple_pred_000185,0.9815,normal,1
node_6f86771ef347,node_84776125aaee,包含,卷积神经网络,非线性激活函数,inputs/triples_all_reviewed.json,"从功能结构角度来看,卷积神经网络一般包括非线性激活函数。",chunk_000293,triple_pred_000187,0.9815,normal,1
node_822b536d923c,node_b88286920db7,包含,定位系统,定位模块,inputs/triples_all_reviewed.json,一个典型的车载导航定位系统通常包括定位模块、数字地图和无线通信和模块等定位模交是所有车裁导航定位系统中的关键元件。,chunk_000180,triple_pred_000073,0.9757,normal,1
node_42ed26c84053,node_be1d0626c84f,包含,控制平台,CAN总线,inputs/triples_all_reviewed.json,"控制平台是智能网联车的核心部件,控制着车辆的各种控制系统,控制平台主要包括了电子控制单元ECU与通信总线CAN两大部分：ECU主要实现控制算法,通信总线CAN主要实现ECU以及机械部件间的通信功能。",chunk_000039,triple_pred_000038,0.9618,normal,1
node_42ed26c84053,node_cd40f087e321,包含,控制平台,电子控制单元,inputs/triples_all_reviewed.json,"控制平台主要包括了电子控制单元ECU与通信总线两大部分：ECU主要实现控制算法,通信总线主要实现ECU以及机械部件间的通信功能。",chunk_000012,triple_pred_000026,0.9648,normal,1
node_42ed26c84053,node_c9c9f90c7953,包含,控制平台,通信总线,inputs/triples_all_reviewed.json,"控制平台主要包括了电子控制单元ECU与通信总线两大部分：ECU主要实现控制算法,通信总线主要实现ECU以及机械部件间的通信功能。",chunk_000012,triple_pred_000028,0.963,normal,1
node_43c163d36956,node_779b443e8659,包含,数据隐私保护技术,位置隐私保护,inputs/triples_all_reviewed.json,"在教材描述中,数据隐私保护技术通常由位置隐私保护等部分构成。",chunk_000296,triple_pred_000216,0.9815,normal,1
node_43c163d36956,node_f725545f7494,包含,数据隐私保护技术,身份隐私保护,inputs/triples_all_reviewed.json,"在教材描述中,数据隐私保护技术通常由身份隐私保护等部分构成。",chunk_000296,triple_pred_000218,0.982,normal,1
node_cd5a9a581378,node_13ed4290ae0c,包含,树莓派小车,STM32处理器,inputs/triples_all_reviewed.json,"从智能网联汽车系统结构组成来看,树莓派小车包含STM32处理器。",chunk_000297,triple_pred_000225,0.9655,normal,1
node_cd5a9a581378,node_e936faeab778,包含,树莓派小车,摄像头模块,inputs/triples_all_reviewed.json,"从智能网联汽车系统结构组成来看,树莓派小车包含摄像头模块。",chunk_000297,triple_pred_000227,0.9652,normal,1
node_cd5a9a581378,node_b61c84826c06,包含,树莓派小车,树莓派处理器,inputs/triples_all_reviewed.json,"从智能网联汽车系统结构组成来看,树莓派小车包含树莓派处理器。",chunk_000297,triple_pred_000229,0.9653,normal,1
node_cd5a9a581378,node_78bbef110d3e,包含,树莓派小车,激光雷达模块,inputs/triples_all_reviewed.json,"从智能网联汽车系统结构组成来看,树莓派小车包含激光雷达模块。",chunk_000297,triple_pred_000231,0.9655,normal,1
node_960b7a7623fc,node_dd746b88a1f1,包含,深度神经网络,输入层,inputs/triples_all_reviewed.json,"从DNN按不同层的位置划分,DNN内部的神经网络层可以分为三类,输入层,隐藏层和输出层。",chunk_000042,triple_pred_000051,0.9648,normal,1
node_960b7a7623fc,node_6f5b73f1569a,包含,深度神经网络,输出层,inputs/triples_all_reviewed.json,"从DNN按不同层的位置划分,DNN内部的神经网络层可以分为三类,输入层,隐藏层和输出层。",chunk_000042,triple_pred_000053,0.9663,normal,1
node_960b7a7623fc,node_7c13f60c302a,包含,深度神经网络,隐藏层,inputs/triples_all_reviewed.json,"从DNN按不同层的位置划分,DNN内部的神经网络层可以分为三类,输入层,隐藏层和输出层。",chunk_000042,triple_pred_000052,0.9649,normal,1
node_ae2a13e2376a,node_18f3abcde527,包含,激光雷达系统,信号处理模块,inputs/triples_all_reviewed.json,"从功能结构角度来看,激光雷达系统一般包括信号处理模块。",chunk_000299,triple_pred_000250,0.9662,normal,1
node_ae2a13e2376a,node_6ffe8f0be56e,包含,激光雷达系统,接收器,inputs/triples_all_reviewed.json,"从功能结构角度来看,激光雷达系统一般包括接收器。",chunk_000299,triple_pred_000252,0.9665,normal,1
node_ae2a13e2376a,node_169cb8967940,包含,激光雷达系统,激光发射器,inputs/triples_all_reviewed.json,"从功能结构角度来看,激光雷达系统一般包括激光发射器。",chunk_000299,triple_pred_000254,0.9675,normal,1
node_1a82ef75bd6c,node_42a901e9c6f5,包含,目标视觉跟踪,判别模型方法,inputs/triples_all_reviewed.json,"在教材描述中,目标视觉跟踪通常由判别模型方法等部分构成。",chunk_000299,triple_pred_000260,0.9791,normal,1
node_1a82ef75bd6c,node_387447a07016,包含,目标视觉跟踪,生成模型方法,inputs/triples_all_reviewed.json,"从功能结构角度来看,目标视觉跟踪一般包括生成模型方法。",chunk_000299,triple_pred_000262,0.9809,normal,1
node_4cc38cf8a49d,node_dd746b88a1f1,包含,神经网络,输入层,inputs/triples_all_reviewed.json,"从DNN按不同层的位置划分,DNN内部的神经网络层可以分为三类,输入层,隐藏层和输出层。",chunk_000042,triple_pred_000059,0.9775,normal,1
node_4cc38cf8a49d,node_6f5b73f1569a,包含,神经网络,输出层,inputs/triples_all_reviewed.json,"从DNN按不同层的位置划分,DNN内部的神经网络层可以分为三类,输入层,隐藏层和输出层。",chunk_000042,triple_pred_000061,0.9779,normal,1
node_4cc38cf8a49d,node_7c13f60c302a,包含,神经网络,隐藏层,inputs/triples_all_reviewed.json,"从DNN按不同层的位置划分,DNN内部的神经网络层可以分为三类,输入层,隐藏层和输出层。",chunk_000042,triple_pred_000060,0.9797,normal,1
node_36484d3eaa0c,node_1d6d610d4161,包含,立体视觉,图像校正,inputs/triples_all_reviewed.json,"从智能网联汽车系统结构组成来看,立体视觉包含图像校正。",chunk_000300,triple_pred_000265,0.981,normal,1
node_36484d3eaa0c,node_c4c2c364b388,包含,立体视觉,相机标定,inputs/triples_all_reviewed.json,"在教材描述中,立体视觉通常由相机标定等部分构成。",chunk_000300,triple_pred_000266,0.9795,normal,1
node_36484d3eaa0c,node_fe336d96cc6a,包含,立体视觉,立体匹配,inputs/triples_all_reviewed.json,"从智能网联汽车系统结构组成来看,立体视觉包含立体匹配。",chunk_000300,triple_pred_000267,0.9819,normal,1
node_46c3451f6382,node_6e6b9145ae12,包含,自动编解码机,编码机,inputs/triples_all_reviewed.json,"从功能结构角度来看,自动编解码机一般包括编码机。",chunk_000301,triple_pred_000268,0.9675,normal,1
node_46c3451f6382,node_86865cacd2fa,包含,自动编解码机,解码机,inputs/triples_all_reviewed.json,"从智能网联汽车系统结构组成来看,自动编解码机包含解码机。",chunk_000301,triple_pred_000270,0.968,normal,1
node_3336c0de9caa,node_9f0090fb3e63,包含,车联网安全认证,匿名认证,inputs/triples_all_reviewed.json,"从功能结构角度来看,车联网安全认证一般包括匿名认证。",chunk_000301,triple_pred_000278,0.9806,normal,1
node_3336c0de9caa,node_45951d5ea432,包含,车联网安全认证,基于区块链的认证,inputs/triples_all_reviewed.json,"从功能结构角度来看,车联网安全认证一般包括基于区块链的认证。",chunk_000301,triple_pred_000280,0.9806,normal,1
node_3336c0de9caa,node_31ae5b44c9e4,包含,车联网安全认证,群组认证,inputs/triples_all_reviewed.json,"在教材描述中,车联网安全认证通常由群组认证等部分构成。",chunk_000301,triple_pred_000282,0.9819,normal,1
node_3336c0de9caa,node_e1f25857b230,包含,车联网安全认证,跨域认证,inputs/triples_all_reviewed.json,"从功能结构角度来看,车联网安全认证一般包括跨域认证。",chunk_000302,triple_pred_000284,0.9803,normal,1
node_cddfa9225f1b,node_56b2186946fd,包含,车联网终端安全,车载总线安全,inputs/triples_all_reviewed.json,"从智能网联汽车系统结构组成来看,车联网终端安全包含车载总线安全。",chunk_000302,triple_pred_000286,0.9826,normal,1
node_cddfa9225f1b,node_50cdd0e46f60,包含,车联网终端安全,车载系统安全,inputs/triples_all_reviewed.json,"从智能网联汽车系统结构组成来看,车联网终端安全包含车载系统安全。",chunk_000302,triple_pred_000288,0.9822,normal,1
node_03bcc1978229,node_43c163d36956,包含,车联网路侧安全,数据隐私保护技术,inputs/triples_all_reviewed.json,"在教材描述中,车联网路侧安全通常由数据隐私保护技术等部分构成。",chunk_000302,triple_pred_000290,0.982,normal,1
node_03bcc1978229,node_a4de10226293,包含,车联网路侧安全,网络通信安全防护技术,inputs/triples_all_reviewed.json,"在教材描述中,车联网路侧安全通常由网络通信安全防护技术等部分构成。",chunk_000302,triple_pred_000292,0.982,normal,1
node_03bcc1978229,node_329cd4571236,包含,车联网路侧安全,身份与认证技术,inputs/triples_all_reviewed.json,"从功能结构角度来看,车联网路侧安全一般包括身份与认证技术。",chunk_000302,triple_pred_000294,0.9827,normal,1
node_c391db2f2559,node_63d3367343ef,包含,车路协同基础平台,路侧单元,inputs/triples_all_reviewed.json,"从功能结构角度来看,车路协同基础平台一般包括路侧单元。",chunk_000302,triple_pred_000294,0.9648,normal,1
node_c391db2f2559,node_0ff7fc907501,包含,车路协同基础平台,车载单元,inputs/triples_all_reviewed.json,"从功能结构角度来看,车路协同基础平台一般包括车载单元。",chunk_000303,triple_pred_000296,0.9655,normal,1
node_c391db2f2559,node_e152d06ae689,包含,车路协同基础平台,通信平台,inputs/triples_all_reviewed.json,"在教材描述中,车路协同基础平台通常由通信平台等部分构成。",chunk_000303,triple_pred_000298,0.9622,normal,1
node_0ff7fc907501,node_b88286920db7,包含,车载单元,定位模块,inputs/triples_all_reviewed.json,"在教材描述中,车载单元通常由定位模块等部分构成。",chunk_000303,triple_pred_000300,0.9635,normal,1
node_0ff7fc907501,node_6ed29a895517,包含,车载单元,通信模块,inputs/triples_all_reviewed.json,"在教材描述中,车载单元通常由通信模块等部分构成。",chunk_000303,triple_pred_000301,0.9635,normal,1
node_4f0b463194a8,node_06416897d67f,包含,车载客户端系统,ROS平台,inputs/triples_all_reviewed.json,车载客户端系统包括机器人操作系统(ROS)和硬件平台；,chunk_000001,triple_pred_000001,0.9687,normal,1
node_4f0b463194a8,node_1f33c8a55c4c,包含,车载客户端系统,硬件平台,inputs/triples_all_reviewed.json,车载客户端系统包括机器人操作系统(ROS)和硬件平台；,chunk_000001,triple_pred_000002,0.9673,normal,1
node_50cdd0e46f60,node_422f0865e57e,包含,车载系统安全,车载入侵检测技术,inputs/triples_all_reviewed.json,"在教材描述中,车载系统安全通常由车载入侵检测技术等部分构成。",chunk_000303,triple_pred_000305,0.9823,normal,1
node_50cdd0e46f60,node_b16d40583866,包含,车载系统安全,车载加密技术,inputs/triples_all_reviewed.json,"在教材描述中,车载系统安全通常由车载加密技术等部分构成。",chunk_000303,triple_pred_000307,0.9827,normal,1
node_50cdd0e46f60,node_37744c951bf2,包含,车载系统安全,车载安全审计技术,inputs/triples_all_reviewed.json,"从功能结构角度来看,车载系统安全一般包括车载安全审计技术。",chunk_000303,triple_pred_000309,0.9812,normal,1
node_50cdd0e46f60,node_f6da16092fbb,包含,车载系统安全,车载网络安全认证技术,inputs/triples_all_reviewed.json,"在教材描述中,车载系统安全通常由车载网络安全认证技术等部分构成。",chunk_000303,triple_pred_000311,0.9815,normal,1
node_50cdd0e46f60,node_f04a9c386c94,包含,车载系统安全,车载防火墙技术,inputs/triples_all_reviewed.json,"从功能结构角度来看,车载系统安全一般包括车载防火墙技术。",chunk_000304,triple_pred_000313,0.9822,normal,1
node_dd4de0f9ecd1,node_f4fcf01128a9,包含,马尔可夫决策过程,动作集合,inputs/triples_all_reviewed.json,"从功能结构角度来看,马尔可夫决策过程一般包括动作集合。",chunk_000305,triple_pred_000320,0.9649,normal,1
node_dd4de0f9ecd1,node_b99505a71127,包含,马尔可夫决策过程,回报函数,inputs/triples_all_reviewed.json,"在教材描述中,马尔可夫决策过程通常由回报函数等部分构成。",chunk_000305,triple_pred_000322,0.9601,normal,1
node_dd4de0f9ecd1,node_4b507ce3369e,包含,马尔可夫决策过程,状态转移概率,inputs/triples_all_reviewed.json,"从智能网联汽车系统结构组成来看,马尔可夫决策过程包含状态转移概率。",chunk_000305,triple_pred_000324,0.963,normal,1
node_dd4de0f9ecd1,node_eb0700f83df3,包含,马尔可夫决策过程,状态集合,inputs/triples_all_reviewed.json,"在教材描述中,马尔可夫决策过程通常由状态集合等部分构成。",chunk_000305,triple_pred_000326,0.9609,normal,1
node_b8020ad68ba2,node_6af99bf19124,是一种,Caffe,深度学习功能性平台,inputs/triples_all_reviewed.json,"在智能网联汽车相关研究中,Caffe是一种深度学习功能性平台。",chunk_000283,triple_pred_000085,0.9684,normal,1
node_8ca53ec8c2c0,node_c6475e9bc9bd,是一种,DQN,基于价值的方法,inputs/triples_all_reviewed.json,"从智能网联汽车技术分类角度来看,DQN属于基于价值的方法。",chunk_000283,triple_pred_000086,0.9686,normal,1
node_e0207f5f2687,node_ffa5de0ebe79,是一种,FPGA加MCU的实现方案,计算平台实现方法,inputs/triples_all_reviewed.json,"在智能网联汽车相关研究中,FPGA加MCU的实现方案是一种计算平台实现方法。",chunk_000284,triple_pred_000087,0.9668,normal,1
node_721a377e0c90,node_ffa5de0ebe79,是一种,FPGA加接口芯片的实现方法,计算平台实现方法,inputs/triples_all_reviewed.json,"从智能网联汽车技术分类角度来看,FPGA加接口芯片的实现方法属于计算平台实现方法。",chunk_000284,triple_pred_000092,0.96,normal,1
node_b78619cfe855,node_f4da6a9be189,是一种,Fast R-CNN,两段式算法,inputs/triples_all_reviewed.json,"在智能网联汽车相关研究中,Fast R-CNN是一种两段式算法。",chunk_000284,triple_pred_000096,0.972,normal,1
node_65c5769b3276,node_0a5f360e1f3b,是一种,FlexRay协议,通信协议,inputs/triples_all_reviewed.json,"从智能网联汽车技术分类角度来看,FlexRay协议属于通信协议。",chunk_000308,triple_pred_000362,0.9651,normal,1
node_86c7b897c9b7,node_87144784e8e9,是一种,Keras,深度学习抽象化平台,inputs/triples_all_reviewed.json,"在智能网联汽车相关研究中,Keras是一种深度学习抽象化平台。",chunk_000286,triple_pred_000122,0.9698,normal,1
node_730789ef6710,node_0a5f360e1f3b,是一种,LIN协议,通信协议,inputs/triples_all_reviewed.json,"在智能网联汽车相关研究中,LIN协议是一种通信协议。",chunk_000308,triple_pred_000360,0.9701,normal,1
node_1c5ef6deca8d,node_6a6fd3350ee8,是一种,MADDPG,CTDE范式,inputs/triples_all_reviewed.json,"从智能网联汽车技术分类角度来看,MADDPG属于CTDE范式。",chunk_000287,triple_pred_000123,0.9671,normal,1
node_d5021f4748ff,node_6a6fd3350ee8,是一种,MAPPO,CTDE范式,inputs/triples_all_reviewed.json,"在智能网联汽车相关研究中,MAPPO是一种CTDE范式。",chunk_000287,triple_pred_000125,0.9731,normal,1
node_d5021f4748ff,node_dd18adc5d279,是一种,MAPPO,基于策略的方法,inputs/triples_all_reviewed.json,"从智能网联汽车技术分类角度来看,MAPPO属于基于策略的方法。",chunk_000287,triple_pred_000126,0.9695,normal,1
node_c315c8cbcb28,node_ffa5de0ebe79,是一种,MCU加接口芯片的实现方法,计算平台实现方法,inputs/triples_all_reviewed.json,"在智能网联汽车相关研究中,MCU加接口芯片的实现方法是一种计算平台实现方法。",chunk_000287,triple_pred_000128,0.9657,normal,1
node_361d42992828,node_0a5f360e1f3b,是一种,MOST总线,通信协议,inputs/triples_all_reviewed.json,"从智能网联汽车技术分类角度来看,MOST总线属于通信协议。",chunk_000308,triple_pred_000361,0.9618,normal,1
node_0f2525d91379,node_44005ff12c84,是一种,MS-CNN,多尺度目标检测器,inputs/triples_all_reviewed.json,"从智能网联汽车技术分类角度来看,MS-CNN属于多尺度目标检测器。",chunk_000287,triple_pred_000131,0.9655,normal,1
node_f0a6dacedd48,node_1e476ef3ebd8,是一种,MV3D,特征级融合方法,inputs/triples_all_reviewed.json,"因此很多方案将这两个互补的传感器结合起来.MV3D是一种经典的特征级融合方法,该方法如图所示,先在激光雷达鸟瞰数据中通过设计神经网络结构的自编码器生成3D候选对象。",chunk_000038,triple_pred_000034,0.7602,normal,1
node_bf863777e6ef,node_dd18adc5d279,是一种,PPO,基于策略的方法,inputs/triples_all_reviewed.json,"从智能网联汽车技术分类角度来看,PPO属于基于策略的方法。",chunk_000288,triple_pred_000139,0.967,normal,1
node_e6797fd4fd08,node_26adf0f9d2a4,是一种,PX2,GPU计算解决方案,inputs/triples_all_reviewed.json,"在智能网联汽车相关研究中,PX2是一种GPU计算解决方案。",chunk_000288,triple_pred_000140,0.9628,normal,1
node_9bb185a316ca,node_c6475e9bc9bd,是一种,Q学习,基于价值的方法,inputs/triples_all_reviewed.json,"在智能网联汽车相关研究中,Q学习是一种基于价值的方法。",chunk_000288,triple_pred_000141,0.9709,normal,1
node_91440a66208a,node_0c0e93bf216c,是一种,RSA非对称加密方法,加密方法,inputs/triples_all_reviewed.json,"从智能网联汽车技术分类角度来看,RSA非对称加密方法属于加密方法。",chunk_000289,triple_pred_000148,0.9643,normal,1
node_91440a66208a,node_4539a76ec515,是一种,RSA非对称加密方法,非对称加密方法,inputs/triples_all_reviewed.json,"从智能网联汽车技术分类角度来看,RSA非对称加密方法属于非对称加密方法。",chunk_000289,triple_pred_000149,0.9627,normal,1
node_6b4a8910498e,node_00bcf8859376,是一种,SVM,数据驱动的预测方法,inputs/triples_all_reviewed.json,"从智能网联汽车技术分类角度来看,SVM属于数据驱动的预测方法。",chunk_000290,triple_pred_000153,0.9686,normal,1
node_dbe8ffecaaed,node_d68975152e94,是一种,Tensorflow,深度学习平台,inputs/triples_all_reviewed.json,"从智能网联汽车技术分类角度来看,Tensorflow属于深度学习平台。",chunk_000290,triple_pred_000155,0.9637,normal,1
node_917904ac8c83,node_6af99bf19124,是一种,Torch,深度学习功能性平台,inputs/triples_all_reviewed.json,"从智能网联汽车技术分类角度来看,Torch属于深度学习功能性平台。",chunk_000290,triple_pred_000156,0.9656,normal,1
node_9824a7dbd042,node_00bcf8859376,是一种,人工神经网络,数据驱动的预测方法,inputs/triples_all_reviewed.json,"从智能网联汽车技术分类角度来看,人工神经网络属于数据驱动的预测方法。",chunk_000292,triple_pred_000170,0.9659,normal,1
node_524bc595594c,node_3f1a6126c752,是一种,储能BMS系统,电池管理系统,inputs/triples_all_reviewed.json,"在智能网联汽车相关研究中,储能BMS系统是一种电池管理系统。",chunk_000292,triple_pred_000172,0.9666,normal,1
node_8d85d104c303,node_4b580c2a7d2f,是一种,光流,图像对齐算法,inputs/triples_all_reviewed.json,"在智能网联汽车相关研究中,光流是一种图像对齐算法。",chunk_000292,triple_pred_000175,0.9716,normal,1
node_171499dc2012,node_32bf77ef383c,是一种,决策级融合,多传感器融合方式,inputs/triples_all_reviewed.json,"从智能网联汽车技术分类角度来看,决策级融合属于多传感器融合方式。",chunk_000310,triple_pred_000376,0.9642,normal,1
node_6995a49447d1,node_32bf77ef383c,是一种,分布式融合,多传感器融合方式,inputs/triples_all_reviewed.json,"从智能网联汽车技术分类角度来看,分布式融合属于多传感器融合方式。",chunk_000309,triple_pred_000369,0.9649,normal,1
node_7d1352693726,node_822b536d923c,是一种,北斗,定位系统,inputs/triples_all_reviewed.json,"感器的一种,摄像头在教材中常被单独介绍。在智能网联汽车相关研究中,北斗是一种定位系统。作为定位系统的一种,北斗在教材中常被单独",chunk_000306,triple_pred_000335,0.66,normal,1
node_e5a225565807,node_139c75f21093,是一种,卡尔曼滤波,SOC预测算法,inputs/triples_all_reviewed.json,"从智能网联汽车技术分类角度来看,卡尔曼滤波属于SOC预测算法。",chunk_000292,triple_pred_000178,0.9696,normal,1
node_6f86771ef347,node_4cc38cf8a49d,是一种,卷积神经网络,神经网络,inputs/triples_all_reviewed.json,"在智能网联汽车相关研究中,卷积神经网络是一种神经网络。",chunk_000293,triple_pred_000179,0.969,normal,1
node_0f6a5ecbb649,node_1d6d610d4161,是一种,双目校正,图像校正,inputs/triples_all_reviewed.json,"在智能网联汽车相关研究中,双目校正是一种图像校正。",chunk_000293,triple_pred_000191,0.9719,normal,1
node_71d80e544e61,node_36484d3eaa0c,是一种,双目立体视觉,立体视觉,inputs/triples_all_reviewed.json,"从智能网联汽车技术分类角度来看,双目立体视觉属于立体视觉。",chunk_000294,triple_pred_000193,0.9536,normal,1
node_4f74309203aa,node_2f258185c5e0,是一种,受限玻尔兹曼机,深度学习常用模型,inputs/triples_all_reviewed.json,"从智能网联汽车技术分类角度来看,受限玻尔兹曼机属于深度学习常用模型。",chunk_000294,triple_pred_000194,0.9697,normal,1
node_69725ff16a22,node_e7cabc5e8830,是一种,基于模型的强化学习,强化学习,inputs/triples_all_reviewed.json,"强化学习算法根据智能体是否需要对环境动态进行显式建模,可分为两大核心类别：基于模型的强化学习和无模型的强化学习。",chunk_000240,triple_pred_000074,0.9501,normal,1
node_b787db481e81,node_e7cabc5e8830,是一种,多智能体强化学习,强化学习,inputs/triples_all_reviewed.json,"在智能网联汽车相关研究中,多智能体强化学习是一种强化学习。",chunk_000294,triple_pred_000199,0.973,normal,1
node_a14479ba902c,node_139c75f21093,是一种,安时积分法,SOC预测算法,inputs/triples_all_reviewed.json,"从智能网联汽车技术分类角度来看,安时积分法属于SOC预测算法。",chunk_000294,triple_pred_000200,0.9694,normal,1
node_0094fecf7b61,node_139c75f21093,是一种,开路电压法,SOC预测算法,inputs/triples_all_reviewed.json,"从智能网联汽车技术分类角度来看,开路电压法属于SOC预测算法。",chunk_000294,triple_pred_000201,0.9675,normal,1
node_f147dfc61f3d,node_00bcf8859376,是一种,循环神经网络,数据驱动的预测方法,inputs/triples_all_reviewed.json,"在智能网联汽车相关研究中,循环神经网络是一种数据驱动的预测方法。",chunk_000295,triple_pred_000202,0.9665,normal,1
node_f147dfc61f3d,node_4cc38cf8a49d,是一种,循环神经网络,神经网络,inputs/triples_all_reviewed.json,"在智能网联汽车相关研究中,循环神经网络是一种神经网络。",chunk_000295,triple_pred_000203,0.9679,normal,1
node_6f67e210807b,node_09e78cabaa14,是一种,摄像头,车载传感器,inputs/triples_all_reviewed.json,"在智能网联汽车相关研究中,摄像头是一种车载传感器。",chunk_000305,triple_pred_000332,0.9649,normal,1
node_a8517a418c89,node_32bf77ef383c,是一种,数据级融合,多传感器融合方式,inputs/triples_all_reviewed.json,"在智能网联汽车相关研究中,数据级融合是一种多传感器融合方式。",chunk_000310,triple_pred_000374,0.9704,normal,1
node_96e03e889b27,node_8908774755c7,是一种,斯麦斯网络,相似性度量方法,inputs/triples_all_reviewed.json,"斯麦斯网络是一种相似性度量方法,适用于类别数多,但每个类别的样本数量少的情况下,用于类别的识别、分类。",chunk_000055,triple_pred_000069,0.9619,normal,1
node_3034320fb8b2,node_e7cabc5e8830,是一种,无模型的强化学习,强化学习,inputs/triples_all_reviewed.json,"强化学习算法根据智能体是否需要对环境动态进行显式建模,可分为两大核心类别：基于模型的强化学习和无模型的强化学习。",chunk_000240,triple_pred_000075,0.9528,normal,1
node_877b2d9fb802,node_ecadb4819c9f,是一种,毫米波雷达,雷达传感器,inputs/triples_all_reviewed.json,"在智能网联汽车相关研究中,毫米波雷达是一种雷达传感器。",chunk_000297,triple_pred_000233,0.9612,normal,1
node_56f1acd14891,node_78bc703ec965,是一种,汽车DR,自主式车辆定位技术,inputs/triples_all_reviewed.json,常用的定位技术有 DR汽车 DR 是一种常用的自主式车辆定位技术。,chunk_000180,triple_pred_000072,0.9541,normal,1
node_960b7a7623fc,node_4cc38cf8a49d,是一种,深度神经网络,神经网络,inputs/triples_all_reviewed.json,"从智能网联汽车技术分类角度来看,深度神经网络属于神经网络。",chunk_000298,triple_pred_000239,0.9646,normal,1
node_6c7a3175679b,node_32bf77ef383c,是一种,混合式融合,多传感器融合方式,inputs/triples_all_reviewed.json,"在智能网联汽车相关研究中,混合式融合是一种多传感器融合方式。",chunk_000309,triple_pred_000373,0.9706,normal,1
node_f4d9819f4151,node_139c75f21093,是一种,滑模观测器,SOC预测算法,inputs/triples_all_reviewed.json,"从智能网联汽车技术分类角度来看,滑模观测器属于SOC预测算法。",chunk_000298,triple_pred_000246,0.971,normal,1
node_84f82798d55d,node_c9c7731e36a4,是一种,激光测距仪,测距器,inputs/triples_all_reviewed.json,"从智能网联汽车技术分类角度来看,激光测距仪属于测距器。",chunk_000298,triple_pred_000247,0.9624,normal,1
node_ab41bf10ba91,node_09e78cabaa14,是一种,激光雷达,车载传感器,inputs/triples_all_reviewed.json,"从智能网联汽车技术分类角度来看,激光雷达属于车载传感器。",chunk_000299,triple_pred_000249,0.9587,normal,1
node_1ccc047239bd,node_32bf77ef383c,是一种,特征级融合,多传感器融合方式,inputs/triples_all_reviewed.json,"从智能网联汽车技术分类角度来看,特征级融合属于多传感器融合方式。",chunk_000310,triple_pred_000375,0.9658,normal,1
node_4a203dfe970f,node_f6502e3c2a44,是一种,生成对抗网络,神经网络模型,inputs/triples_all_reviewed.json,"从智能网联汽车技术分类角度来看,生成对抗网络属于神经网络模型。",chunk_000299,triple_pred_000256,0.9679,normal,1
node_cd40f087e321,node_c360900d1871,是一种,电子控制单元,车载专用微机控制器,inputs/triples_all_reviewed.json,"在智能网联汽车相关研究中,电子控制单元是一种车载专用微机控制器。",chunk_000308,triple_pred_000359,0.9675,normal,1
node_7577215f7c3d,node_139c75f21093,是一种,电池内阻预测法,SOC预测算法,inputs/triples_all_reviewed.json,"从智能网联汽车技术分类角度来看,电池内阻预测法属于SOC预测算法。",chunk_000299,triple_pred_000257,0.967,normal,1
node_2bda6509f6e5,node_8d85d104c303,是一种,稀疏光流,光流,inputs/triples_all_reviewed.json,"从智能网联汽车技术分类角度来看,稀疏光流属于光流。",chunk_000300,triple_pred_000262,0.9662,normal,1
node_16e2c03601af,node_2f258185c5e0,是一种,自动编码机,深度学习常用模型,inputs/triples_all_reviewed.json,"在智能网联汽车相关研究中,自动编码机是一种深度学习常用模型。",chunk_000301,triple_pred_000267,0.9686,normal,1
node_a880e78a26a1,node_7322afb3bcb7,是一种,行人再识别,目标检索问题,inputs/triples_all_reviewed.json,"从智能网联汽车技术分类角度来看,行人再识别属于目标检索问题。",chunk_000301,triple_pred_000272,0.9666,normal,1
node_ae28c168c2c8,node_ccfe67a6931f,是一种,车路协同,车联网通信机制,inputs/triples_all_reviewed.json,"在智能网联汽车相关研究中,车路协同是一种车联网通信机制。",chunk_000309,triple_pred_000367,0.9847,normal,1
node_875bf42a02b4,node_0a5f360e1f3b,是一种,车载以太网,通信协议,inputs/triples_all_reviewed.json,"从智能网联汽车技术分类角度来看,车载以太网属于通信协议。",chunk_000309,triple_pred_000364,0.9591,normal,1
node_995a677307b4,node_63b4144fc15a,是一种,锂离子电池储能系统,储能系统,inputs/triples_all_reviewed.json,"从智能网联汽车技术分类角度来看,锂离子电池储能系统属于储能系统。",chunk_000304,triple_pred_000313,0.9606,normal,1
node_302fc0c06692,node_f147dfc61f3d,是一种,长短期记忆网络,循环神经网络,inputs/triples_all_reviewed.json,"从智能网联汽车技术分类角度来看,长短期记忆网络属于循环神经网络。",chunk_000304,triple_pred_000314,0.9629,normal,1
node_302fc0c06692,node_00bcf8859376,是一种,长短期记忆网络,数据驱动的预测方法,inputs/triples_all_reviewed.json,"从智能网联汽车技术分类角度来看,长短期记忆网络属于数据驱动的预测方法。",chunk_000304,triple_pred_000315,0.9634,normal,1
node_8d78908ba4fd,node_32bf77ef383c,是一种,集中式融合,多传感器融合方式,inputs/triples_all_reviewed.json,"从智能网联汽车技术分类角度来看,集中式融合属于多传感器融合方式。",chunk_000309,triple_pred_000371,0.9657,normal,1
node_dd4de0f9ecd1,node_0c5827393484,是一种,马尔可夫决策过程,决策过程,inputs/triples_all_reviewed.json,"从智能网联汽车技术分类角度来看,马尔可夫决策过程属于决策过程。",chunk_000304,triple_pred_000318,0.9588,normal,1
node_4197535f9f52,node_ffb53ba74229,是一种,高层次综合技术,数字系统设计自动化关键技术,inputs/triples_all_reviewed.json,"从智能网联汽车技术分类角度来看,高层次综合技术属于数字系统设计自动化关键技术。",chunk_000305,triple_pred_000330,0.9582,normal,1
node_78796d45ef66,node_a529bd692d16,用于,3D CNN,人体动作识别,inputs/triples_all_reviewed.json,"卷积神经网络应用于人体动作识别,有一种3D CNN 人体动作识别方法,通过执行三维卷积计算,在相邻连续图像序列上从时间和空间两个维度提取动作特征。",chunk_000049,triple_pred_000067,0.9628,normal,1
node_fd06839057a1,node_ae28c168c2c8,用于,C-V2X,车路协同,inputs/triples_all_reviewed.json,"在典型智能驾驶技术方案中,C-V2X常用于车路协同。",chunk_000283,triple_pred_000081,0.9846,normal,1
node_97b4b1f743c9,node_160ac0cdca31,用于,CRF-RNN,图像语义分割,inputs/triples_all_reviewed.json,"从智能网联汽车工程应用角度来看,CRF-RNN可用于图像语义分割。",chunk_000283,triple_pred_000083,0.9848,normal,1
node_21552dc5a1bc,node_8c0e8055996f,用于,GPG工具,文件加密,inputs/triples_all_reviewed.json,"从智能网联汽车工程应用角度来看,GPG工具可用于文件加密。",chunk_000285,triple_pred_000098,0.9775,normal,1
node_21552dc5a1bc,node_47827f3607a9,用于,GPG工具,文件解密,inputs/triples_all_reviewed.json,"在智能网联汽车相关任务中,GPG工具主要用于文件解密。",chunk_000285,triple_pred_000100,0.9804,normal,1
node_1776fa32f23e,node_84476c817484,用于,GPS,定位,inputs/triples_all_reviewed.json,GPS和IMU系统通过高频(例如200Hz)收集惯性变化和地理位置估计来帮助自主驾驶汽车定位自身。,chunk_000007,triple_pred_000013,0.9814,normal,1
node_e0ff3f9ec6dc,node_84476c817484,用于,IMU定位系统,定位,inputs/triples_all_reviewed.json,GPS和IMU系统通过高频(例如200Hz)收集惯性变化和地理位置估计来帮助自主驾驶汽车定位自身。,chunk_000007,triple_pred_000014,0.9809,normal,1
node_0f2525d91379,node_f10c906a0528,用于,MS-CNN,道路场景目标检测,inputs/triples_all_reviewed.json,"从智能网联汽车工程应用角度来看,MS-CNN可用于道路场景目标检测。",chunk_000288,triple_pred_000137,0.9846,normal,1
node_2ef4687b8901,node_b6e01734566c,用于,R-CNN,目标检测,inputs/triples_all_reviewed.json,"在智能网联汽车相关任务中,R-CNN主要用于目标检测。",chunk_000289,triple_pred_000142,0.985,normal,1
node_06416897d67f,node_818cadb0bbda,用于,ROS平台,地图建模,inputs/triples_all_reviewed.json,"从智能网联汽车工程应用角度来看,ROS平台可用于地图建模。",chunk_000289,triple_pred_000146,0.9661,normal,1
node_57ee2e07b4d3,node_c1b4ec2e4eb3,用于,SOC预测网络,SOC预测,inputs/triples_all_reviewed.json,"从智能网联汽车工程应用角度来看,SOC预测网络可用于SOC预测。",chunk_000289,triple_pred_000151,0.9867,normal,1
node_8ca7a00bb4f5,node_cf5e689bbc2d,用于,YOLOv5,行人检测,inputs/triples_all_reviewed.json,"在典型智能驾驶技术方案中,YOLOv5常用于行人检测。",chunk_000290,triple_pred_000158,0.9838,normal,1
node_8ca7a00bb4f5,node_4f7756c89b2d,用于,YOLOv5,车辆检测,inputs/triples_all_reviewed.json,"在典型智能驾驶技术方案中,YOLOv5常用于车辆检测。",chunk_000290,triple_pred_000160,0.9853,normal,1
node_c8d28795bc0b,node_87049f2b0984,用于,Zynq解决方案,2D目标检测,inputs/triples_all_reviewed.json,"从智能网联汽车工程应用角度来看,Zynq解决方案可用于2D目标检测。",chunk_000290,triple_pred_000162,0.985,normal,1
node_c8d28795bc0b,node_9dddc2cc6352,用于,Zynq解决方案,3D目标检测,inputs/triples_all_reviewed.json,"从智能网联汽车工程应用角度来看,Zynq解决方案可用于3D目标检测。",chunk_000291,triple_pred_000164,0.9844,normal,1
node_c8d28795bc0b,node_20dddefb9b21,用于,Zynq解决方案,语义分割,inputs/triples_all_reviewed.json,"在典型智能驾驶技术方案中,Zynq解决方案常用于语义分割。",chunk_000291,triple_pred_000166,0.986,normal,1
node_c8d28795bc0b,node_3aef547bc816,用于,Zynq解决方案,车道线检测,inputs/triples_all_reviewed.json,"在典型智能驾驶技术方案中,Zynq解决方案常用于车道线检测。",chunk_000291,triple_pred_000168,0.9834,normal,1
node_524bc595594c,node_d34ff1fb79a9,用于,储能BMS系统,SOC估算,inputs/triples_all_reviewed.json,"在智能网联汽车相关任务中,储能BMS系统主要用于SOC估算。",chunk_000292,triple_pred_000173,0.982,normal,1
node_57cfe2e7c997,node_160ac0cdca31,用于,全卷积网络,图像语义分割,inputs/triples_all_reviewed.json,"将深度卷积神经网络应用到图像语义分割领域,全卷积网络FCN能够端到端得到每个像素的目标分类结果。",chunk_000045,triple_pred_000063,0.854,normal,1
node_6f86771ef347,node_a529bd692d16,用于,卷积神经网络,人体动作识别,inputs/triples_all_reviewed.json,"卷积神经网络应用于人体动作识别,有一种3D CNN 人体动作识别方法,通过执行三维卷积计算,在相邻连续图像序列上从时间和空间两个维度提取动作特征。",chunk_000049,triple_pred_000065,0.9659,normal,1
node_6f86771ef347,node_d656b499d0a8,用于,卷积神经网络,人脸识别,inputs/triples_all_reviewed.json,"在智能网联汽车相关任务中,卷积神经网络主要用于人脸识别。",chunk_000293,triple_pred_000187,0.9871,normal,1
node_6f86771ef347,node_5d3666f3b3c7,用于,卷积神经网络,图像识别,inputs/triples_all_reviewed.json,"从智能网联汽车工程应用角度来看,卷积神经网络可用于图像识别。",chunk_000293,triple_pred_000189,0.9842,normal,1
node_6f86771ef347,node_160ac0cdca31,用于,卷积神经网络,图像语义分割,inputs/triples_all_reviewed.json,"将深度卷积神经网络应用到图像语义分割领域,全卷积网络FCN能够端到端得到每个像素的目标分类结果。",chunk_000045,triple_pred_000064,0.8825,normal,1
node_6f86771ef347,node_0f34924e6ef2,用于,卷积神经网络,手写字符图像的识别,inputs/triples_all_reviewed.json,"卷积神经网络(CNN)最早是在1998 年提出,用于手写字符图像的识别,其网络结构如图所示。",chunk_000043,triple_pred_000060,0.9869,normal,1
node_6f86771ef347,node_4706177134b0,用于,卷积神经网络,物体识别,inputs/triples_all_reviewed.json,"卷积神经网络(CNN)已经被广泛地用于物体识别.用CNN识别了一个物体,下一步就是自动地估计物体移动的轨迹了,或叫物体追踪。",chunk_000010,triple_pred_000020,0.9797,normal,1
node_6f86771ef347,node_eb10ad2b73e2,用于,卷积神经网络,物体追踪,inputs/triples_all_reviewed.json,"卷积神经网络(CNN)已经被广泛地用于物体识别.用CNN识别了一个物体,下一步就是自动地估计物体移动的轨迹了,或叫物体追踪。",chunk_000010,triple_pred_000019,0.9234,normal,1
node_e4082e608d36,node_8e3e793ff2b3,用于,图片标题生成技术,图片内容描述,inputs/triples_all_reviewed.json,"从智能网联汽车工程应用角度来看,图片标题生成技术可用于图片内容描述。",chunk_000294,triple_pred_000196,0.9326,normal,1
node_f147dfc61f3d,node_2ed02dbbdce9,用于,循环神经网络,手写体识别,inputs/triples_all_reviewed.json,"从智能网联汽车工程应用角度来看,循环神经网络可用于手写体识别。",chunk_000295,triple_pred_000204,0.9847,normal,1
node_f147dfc61f3d,node_4b621f7b93f0,用于,循环神经网络,时间序列建模,inputs/triples_all_reviewed.json,"在智能网联汽车相关任务中,循环神经网络主要用于时间序列建模。",chunk_000295,triple_pred_000206,0.9862,normal,1
node_f147dfc61f3d,node_84a852be5572,用于,循环神经网络,自然语言处理,inputs/triples_all_reviewed.json,"在智能网联汽车相关任务中,循环神经网络主要用于自然语言处理。",chunk_000295,triple_pred_000208,0.986,normal,1
node_f147dfc61f3d,node_df3dd6abf404,用于,循环神经网络,语音识别,inputs/triples_all_reviewed.json,"在智能网联汽车相关任务中,循环神经网络主要用于语音识别。",chunk_000295,triple_pred_000210,0.9875,normal,1
node_6f67e210807b,node_4706177134b0,用于,摄像头,物体识别,inputs/triples_all_reviewed.json,"摄像头主要是用于物体识别和物体追踪的任务,比如车道探测、信号灯探测和行人探测等。",chunk_000008,triple_pred_000017,0.9685,normal,1
node_6f67e210807b,node_eb10ad2b73e2,用于,摄像头,物体追踪,inputs/triples_all_reviewed.json,"摄像头主要是用于物体识别和物体追踪的任务,比如车道探测、信号灯探测和行人探测等。",chunk_000008,triple_pred_000018,0.9647,normal,1
node_6f67e210807b,node_7955b91e13af,用于,摄像头,环境感知,inputs/triples_all_reviewed.json,"从智能网联汽车工程应用角度来看,摄像头可用于环境感知。",chunk_000295,triple_pred_000212,0.983,normal,1
node_6f67e210807b,node_43e4d59929bd,用于,摄像头,避障,inputs/triples_all_reviewed.json,"后视摄像头被设计用于近距离避障场景,其硬件结构包含多光谱传感器,通过实时采集路面反射数据并结合深度学习模型进行识别。",chunk_000281,triple_pred_000078,0.8606,normal,1
node_96e03e889b27,node_cddd133102fc,用于,斯麦斯网络,类别识别,inputs/triples_all_reviewed.json,"从智能网联汽车工程应用角度来看,斯麦斯网络可用于类别识别。",chunk_000296,triple_pred_000220,0.9851,normal,1
node_877b2d9fb802,node_3a04a441022a,用于,毫米波雷达,测距,inputs/triples_all_reviewed.json,"毫米波需达主要有用于中短谢旺的 24GHz 和长测距的 77GHz 雷达两种毫米波雷达可有效提取景深及速度信息,有遍各作吉于的3识别障碍物。",chunk_000091,triple_pred_000072,0.9473,normal,1
node_877b2d9fb802,node_b6e01734566c,用于,毫米波雷达,目标检测,inputs/triples_all_reviewed.json,"从智能网联汽车工程应用角度来看,毫米波雷达可用于目标检测。",chunk_000298,triple_pred_000237,0.978,normal,1
node_877b2d9fb802,node_830c509b6d75,用于,毫米波雷达,盲区探测,inputs/triples_all_reviewed.json,"在智能网联汽车相关任务中,毫米波雷达主要用于盲区探测。",chunk_000311,triple_pred_000382,0.9813,normal,1
node_877b2d9fb802,node_fa90327bd472,用于,毫米波雷达,自适应巡航,inputs/triples_all_reviewed.json,"在典型智能驾驶技术方案中,毫米波雷达常用于自适应巡航。",chunk_000311,triple_pred_000380,0.9844,normal,1
node_ab41bf10ba91,node_84476c817484,用于,激光雷达,定位,inputs/triples_all_reviewed.json,"U,就可以提供实时且准确的车辆定位信息。LIDAR被用于绘图、定位以及避障。它通过发射激光,并测量反射回来的时间来测",chunk_000007,triple_pred_000015,0.8492,normal,1
node_ab41bf10ba91,node_4706177134b0,用于,激光雷达,物体识别,inputs/triples_all_reviewed.json,"因为激光雷达提供了精确的关于深度的信息,所以它最初在自主驾驶汽车上是被用于物体识别和追踪的。",chunk_000009,triple_pred_000019,0.9746,normal,1
node_ab41bf10ba91,node_12c426c56dd7,用于,激光雷达,障碍物检测,inputs/triples_all_reviewed.json,"固态激光雷达通过其高精度传感器结构和实时数据处理算法,能够高效用于障碍物检测。",chunk_000270,triple_pred_000076,0.8705,normal,1
node_10423035beef,node_e1fa6f76ab77,用于,超声波传感器,泊车辅助,inputs/triples_all_reviewed.json,"在典型智能驾驶技术方案中,超声波传感器常用于泊车辅助。",chunk_000301,triple_pred_000274,0.9847,normal,1
node_302fc0c06692,node_c1b4ec2e4eb3,用于,长短期记忆网络,SOC预测,inputs/triples_all_reviewed.json,"在典型智能驾驶技术方案中,长短期记忆网络常用于SOC预测。",chunk_000304,triple_pred_000316,0.9866,normal,1
node_22b1e2ce1362,node_abae55b1bbb5,用于,长距离无线通信技术,即时互联网接入,inputs/triples_all_reviewed.json,"在典型智能驾驶技术方案中,长距离无线通信技术常用于即时互联网接入。",chunk_000309,triple_pred_000367,0.9856,normal,1
node_abb36bed746e,node_e98429298324,用于,驾驶员疲劳判别模型,疲劳检测,inputs/triples_all_reviewed.json,"在智能网联汽车相关任务中,驾驶员疲劳判别模型主要用于疲劳检测。",chunk_000305,triple_pred_000328,0.9728,normal,1
